"Zaman damgası","Bölümünüz nedir?","Kaçıncı sınıftasınız?","İlk işinizde kaç TL maaş almayı bekliyorsunuz?"
"2018/02/23 5:40:05 ÖS GMT+1","Yönetim Bilişim Sistemleri","2","3500"
"2018/02/23 5:40:35 ÖS GMT+1","İktisat","3","3000"
"2018/02/23 5:40:54 ÖS GMT+1","İşletme","3","4000"
"2018/02/23 5:42:40 ÖS GMT+1","Makine Mühendisliği","4","4500"
"2018/02/23 5:42:43 ÖS GMT+1","Siyaset Bilimi ve Uluslararası İlişkiler","3","4000"
"2018/02/23 5:43:10 ÖS GMT+1","Çeviribilim","3","5000"
"2018/02/23 5:43:39 ÖS GMT+1","Uluslararası Ticaret","Hazırlık","3500"
"2018/02/23 5:43:58 ÖS GMT+1","Moleküler Biyoloji ve Genetik","1","3000"
"2018/02/23 5:44:07 ÖS GMT+1","Elektrik-Elektronik Mühendisliği","4","4200"
"2018/02/23 5:44:35 ÖS GMT+1","Moleküler Biyoloji ve Genetik","4","4000"
"2018/02/23 5:44:51 ÖS GMT+1","Fizik","2","4000"
"2018/02/23 5:45:34 ÖS GMT+1","Çeviribilim","Hazırlık","3000"
"2018/02/23 5:45:52 ÖS GMT+1","Endüstri Mühendisliği","3","4000"
"2018/02/23 5:46:04 ÖS GMT+1","İktisat","3","4000"
"2018/02/23 5:46:05 ÖS GMT+1","Yönetim Bilişim Sistemleri","3","4000"
"2018/02/23 5:46:38 ÖS GMT+1","Matematik","2","5000"
"2018/02/23 5:47:12 ÖS GMT+1","Çeviribilim","1","5000"
"2018/02/23 5:47:14 ÖS GMT+1","İşletme","3","4500"
"2018/02/23 5:47:39 ÖS GMT+1","Matematik","4","2000"
"2018/02/23 5:48:29 ÖS GMT+1","İşletme","3","3000"
"2018/02/23 5:48:32 ÖS GMT+1","İktisat","4","2500"
"2018/02/23 5:49:26 ÖS GMT+1","İlköğretim Matematik Öğretmenliği","3","2800"
"2018/02/23 5:49:39 ÖS GMT+1","Kimya Mühendisliği","3","3000 "
"2018/02/23 5:49:41 ÖS GMT+1","Uluslararası Ticaret","4","4000"
"2018/02/23 5:49:50 ÖS GMT+1","Bilgisayar ve Öğretim Teknolojileri Öğretmenliği","4","3000"
"2018/02/23 5:49:58 ÖS GMT+1","Elektrik-Elektronik Mühendisliği","1","3000"
"2018/02/23 5:50:45 ÖS GMT+1","İşletme","4","4000"
"2018/02/23 5:51:07 ÖS GMT+1","Uluslararası Ticaret","Hazırlık","4600"
"2018/02/23 5:51:23 ÖS GMT+1","Siyaset Bilimi ve Uluslararası İlişkiler","3","1700"
"2018/02/23 5:51:28 ÖS GMT+1","Kimya Öğretmenliği","4","3000"
"2018/02/23 5:52:03 ÖS GMT+1","Rehberlik ve Psikolojik Danışmanlık","4","3300"
"2018/02/23 5:52:28 ÖS GMT+1","İşletme","2","3500"
"2018/02/23 5:52:33 ÖS GMT+1","Okul Öncesi Öğretmenliği","4","3500"
"2018/02/23 5:52:37 ÖS GMT+1","Okul Öncesi Öğretmenliği","Hazırlık","5000"
"2018/02/23 5:52:54 ÖS GMT+1","Psikoloji","2","5000"
"2018/02/23 5:52:58 ÖS GMT+1","Psikoloji","4","2000"
"2018/02/23 5:54:08 ÖS GMT+1","İktisat","3","4500"
"2018/02/23 5:54:12 ÖS GMT+1","Kimya Mühendisliği","4","4000"
"2018/02/23 5:54:21 ÖS GMT+1","Psikoloji","3","3000"
"2018/02/23 5:54:33 ÖS GMT+1","Elektrik-Elektronik Mühendisliği","2","4500"
"2018/02/23 5:54:43 ÖS GMT+1","Siyaset Bilimi ve Uluslararası İlişkiler","4","2500"
"2018/02/23 5:55:40 ÖS GMT+1","Bilgisayar Mühendisliği","4","4000"
"2018/02/23 5:55:59 ÖS GMT+1","Sosyoloji","4","3000"
"2018/02/23 5:56:10 ÖS GMT+1","Elektrik-Elektronik Mühendisliği","4","6000"
"2018/02/23 5:56:14 ÖS GMT+1","Siyaset Bilimi ve Uluslararası İlişkiler","4","3500"
"2018/02/23 5:56:15 ÖS GMT+1","İktisat","4","4000"
"2018/02/23 5:56:20 ÖS GMT+1","Bilgisayar Mühendisliği","2","10000"
"2018/02/23 5:56:21 ÖS GMT+1","Yönetim Bilişim Sistemleri","2","4000"
"2018/02/23 5:56:52 ÖS GMT+1","Tarih","2","2500"
"2018/02/23 5:57:08 ÖS GMT+1","Endüstri Mühendisliği","1","6500"
"2018/02/23 5:57:37 ÖS GMT+1","Uluslararası Ticaret","3","4000"
"2018/02/23 5:57:45 ÖS GMT+1","İktisat","2","2800"
"2018/02/23 5:57:59 ÖS GMT+1","İnşaat Mühendisliği","1","1603"
"2018/02/23 5:58:08 ÖS GMT+1","Türk Dili ve Edebiyatı","Hazırlık","2000"
"2018/02/23 5:58:32 ÖS GMT+1","Elektrik-Elektronik Mühendisliği","4","5500"
"2018/02/23 5:59:16 ÖS GMT+1","Elektrik-Elektronik Mühendisliği","2","4000"
"2018/02/23 5:59:33 ÖS GMT+1","İşletme","4","4000"
"2018/02/23 6:00:16 ÖS GMT+1","Kimya Öğretmenliği","2","3000"
"2018/02/23 6:00:29 ÖS GMT+1","İngilizce Öğretmenliği","3","9999"
"2018/02/23 6:00:41 ÖS GMT+1","Bilgisayar Mühendisliği","Hazırlık","5000"
"2018/02/23 6:00:44 ÖS GMT+1","Elektrik-Elektronik Mühendisliği","1","5555"
"2018/02/23 6:00:55 ÖS GMT+1","Bilgisayar Mühendisliği","4","15271"
"2018/02/23 6:01:30 ÖS GMT+1","Felsefe","3","13560"
"2018/02/23 6:01:49 ÖS GMT+1","İktisat","3","4000"
"2018/02/23 6:02:08 ÖS GMT+1","İktisat","2","3000"
"2018/02/23 6:02:40 ÖS GMT+1","Fizik Öğretmenliği","3","3000"
"2018/02/23 6:02:56 ÖS GMT+1","İngilizce Öğretmenliği","4","3000"
"2018/02/23 6:03:04 ÖS GMT+1","Uluslararası Ticaret","4","5500"
"2018/02/23 6:03:20 ÖS GMT+1","Psikoloji","2","3500"
"2018/02/23 6:04:37 ÖS GMT+1","İngilizce Öğretmenliği","2","4000"
"2018/02/23 6:05:05 ÖS GMT+1","Bilgisayar Mühendisliği","4","4500"
"2018/02/23 6:05:10 ÖS GMT+1","İktisat","2","4500"
"2018/02/23 6:05:17 ÖS GMT+1","Bilgisayar ve Öğretim Teknolojileri Öğretmenliği","1","2500"
"2018/02/23 6:06:03 ÖS GMT+1","İnşaat Mühendisliği","Hazırlık","5000"
"2018/02/23 6:06:43 ÖS GMT+1","İlköğretim Matematik Öğretmenliği","2","3000"
"2018/02/23 6:07:10 ÖS GMT+1","Moleküler Biyoloji ve Genetik","4","2000"
"2018/02/23 6:08:37 ÖS GMT+1","Psikoloji","4","3000"
"2018/02/23 6:08:48 ÖS GMT+1","Bilgisayar Mühendisliği","1","3000"
"2018/02/23 6:09:34 ÖS GMT+1","Sosyoloji","3","2500"
"2018/02/23 6:10:37 ÖS GMT+1","İnşaat Mühendisliği","4","4000"
"2018/02/23 6:10:53 ÖS GMT+1","Kimya Mühendisliği","4","4000"
"2018/02/23 6:11:17 ÖS GMT+1","İnşaat Mühendisliği","2","3000"
"2018/02/23 6:11:25 ÖS GMT+1","İnşaat Mühendisliği","4","3500"
"2018/02/23 6:12:09 ÖS GMT+1","İşletme","4","3500"
"2018/02/23 6:12:12 ÖS GMT+1","Sosyoloji","4","3500"
"2018/02/23 6:12:35 ÖS GMT+1","Çeviribilim","4","1603"
"2018/02/23 6:13:16 ÖS GMT+1","Yönetim Bilişim Sistemleri","2","4500"
"2018/02/23 6:13:17 ÖS GMT+1","Turizm İşletmeciliği","Hazırlık","7000"
"2018/02/23 6:13:29 ÖS GMT+1","Moleküler Biyoloji ve Genetik","1","3000"
"2018/02/23 6:14:05 ÖS GMT+1","İşletme","3","3000"
"2018/02/23 6:14:26 ÖS GMT+1","Elektrik-Elektronik Mühendisliği","4","4000"
"2018/02/23 6:14:47 ÖS GMT+1","Bilgisayar ve Öğretim Teknolojileri Öğretmenliği","3","5000"
"2018/02/23 6:15:11 ÖS GMT+1","Makine Mühendisliği","3","5000"
"2018/02/23 6:15:16 ÖS GMT+1","Tarih","1","3000"
"2018/02/23 6:17:23 ÖS GMT+1","İşletme","2","3000"
"2018/02/23 6:17:25 ÖS GMT+1","İnşaat Mühendisliği","4","8000"
"2018/02/23 6:19:22 ÖS GMT+1","Elektrik-Elektronik Mühendisliği","1","15000"
"2018/02/23 6:19:43 ÖS GMT+1","Yönetim Bilişim Sistemleri","2","3800"
"2018/02/23 6:20:49 ÖS GMT+1","İktisat","1","4000"
"2018/02/23 6:24:01 ÖS GMT+1","İngiliz Dili ve Edebiyatı","2","4000"
"2018/02/23 6:24:15 ÖS GMT+1","Bilgisayar ve Öğretim Teknolojileri Öğretmenliği","3","5000"
"2018/02/23 6:24:38 ÖS GMT+1","Sosyoloji","3","2000"
"2018/02/23 6:24:47 ÖS GMT+1","Sosyoloji","2","2500"
"2018/02/23 6:24:58 ÖS GMT+1","Sosyoloji","Hazırlık","5000"
"2018/02/23 6:25:44 ÖS GMT+1","Elektrik-Elektronik Mühendisliği","Hazırlık","4000"
"2018/02/23 6:25:49 ÖS GMT+1","Sosyoloji","2","3500"
"2018/02/23 6:28:01 ÖS GMT+1","Siyaset Bilimi ve Uluslararası İlişkiler","1","7000"
"2018/02/23 6:28:30 ÖS GMT+1","İşletme","3","3500"
"2018/02/23 6:29:32 ÖS GMT+1","Makine Mühendisliği","3","2500"
"2018/02/23 6:30:21 ÖS GMT+1","Bilgisayar Mühendisliği","3","6000"
"2018/02/23 6:31:18 ÖS GMT+1","İktisat","4","3500"
"2018/02/23 6:31:29 ÖS GMT+1","İlköğretim Matematik Öğretmenliği","3","3500"
"2018/02/23 6:32:16 ÖS GMT+1","Yönetim Bilişim Sistemleri","2","3500"
"2018/02/23 6:32:29 ÖS GMT+1","Okul Öncesi Öğretmenliği","4","2500"
"2018/02/23 6:33:01 ÖS GMT+1","Sosyoloji","Hazırlık","3000"
"2018/02/23 6:34:24 ÖS GMT+1","Turizm İşletmeciliği","4","2000"
"2018/02/23 6:35:04 ÖS GMT+1","Siyaset Bilimi ve Uluslararası İlişkiler","2","3500"
"2018/02/23 6:35:19 ÖS GMT+1","Elektrik-Elektronik Mühendisliği","2","4500"
"2018/02/23 6:37:24 ÖS GMT+1","Yönetim Bilişim Sistemleri","4","3500"
"2018/02/23 6:37:33 ÖS GMT+1","Turizm İşletmeciliği","3","1700"
"2018/02/23 6:37:54 ÖS GMT+1","İktisat","1","3500"
"2018/02/23 6:38:11 ÖS GMT+1","Bilgisayar ve Öğretim Teknolojileri Öğretmenliği","3","5000"
"2018/02/23 6:38:12 ÖS GMT+1","İşletme","3","3500"
"2018/02/23 6:39:00 ÖS GMT+1","Bilgisayar ve Öğretim Teknolojileri Öğretmenliği","4","2500"
"2018/02/23 6:41:05 ÖS GMT+1","İktisat","4","3500"
"2018/02/23 6:43:11 ÖS GMT+1","Bilgisayar Mühendisliği","2","3500"
"2018/02/23 6:43:14 ÖS GMT+1","Tarih","4","4000"
"2018/02/23 6:44:07 ÖS GMT+1","Endüstri Mühendisliği","4","10000"
"2018/02/23 6:44:52 ÖS GMT+1","Elektrik-Elektronik Mühendisliği","3","4500"
"2018/02/23 6:44:53 ÖS GMT+1","Kimya","2","3000"
"2018/02/23 6:45:09 ÖS GMT+1","Moleküler Biyoloji ve Genetik","2","2500"
"2018/02/23 6:45:40 ÖS GMT+1","İngilizce Öğretmenliği","3","3000"
"2018/02/23 6:45:43 ÖS GMT+1","Rehberlik ve Psikolojik Danışmanlık","Hazırlık","3000"
"2018/02/23 6:45:45 ÖS GMT+1","Rehberlik ve Psikolojik Danışmanlık","2","4000"
"2018/02/23 6:45:53 ÖS GMT+1","Makine Mühendisliği","3","3500"
"2018/02/23 6:46:11 ÖS GMT+1","Kimya Mühendisliği","3","2000"
"2018/02/23 6:46:14 ÖS GMT+1","Endüstri Mühendisliği","2","5000"
"2018/02/23 6:47:24 ÖS GMT+1","Çeviribilim","4","3800"
"2018/02/23 6:49:13 ÖS GMT+1","Matematik","1","2000"
"2018/02/23 6:49:13 ÖS GMT+1","Matematik","2","12673"
"2018/02/23 6:49:43 ÖS GMT+1","İngiliz Dili ve Edebiyatı","3","1700"
"2018/02/23 6:50:20 ÖS GMT+1","Bilgisayar Mühendisliği","1","6000"
"2018/02/23 6:51:48 ÖS GMT+1","Turizm İşletmeciliği","Hazırlık","2800"
"2018/02/23 6:52:05 ÖS GMT+1","İşletme","3","5000"
"2018/02/23 6:52:18 ÖS GMT+1","Sosyoloji","2","5000"
"2018/02/23 6:52:24 ÖS GMT+1","İngilizce Öğretmenliği","1","6931"
"2018/02/23 6:52:43 ÖS GMT+1","Makine Mühendisliği","3","3500"
"2018/02/23 6:54:53 ÖS GMT+1","Uluslararası Ticaret","4","2500"
"2018/02/23 6:56:39 ÖS GMT+1","Makine Mühendisliği","3","3000"
"2018/02/23 6:56:50 ÖS GMT+1","İşletme","3","2500"
"2018/02/23 6:57:01 ÖS GMT+1","Okul Öncesi Öğretmenliği","3","4000"
"2018/02/23 7:00:41 ÖS GMT+1","Okul Öncesi Öğretmenliği","4","49999"
"2018/02/23 7:01:39 ÖS GMT+1","İktisat","3","4000"
"2018/02/23 7:02:03 ÖS GMT+1","Endüstri Mühendisliği","4","4500"
"2018/02/23 7:06:22 ÖS GMT+1","Turizm İşletmeciliği","1","2000"
"2018/02/23 7:06:33 ÖS GMT+1","Siyaset Bilimi ve Uluslararası İlişkiler","4","3500"
"2018/02/23 7:06:48 ÖS GMT+1","İnşaat Mühendisliği","3","3000"
"2018/02/23 7:07:20 ÖS GMT+1","Elektrik-Elektronik Mühendisliği","3","4000"
"2018/02/23 7:07:48 ÖS GMT+1","Bilgisayar Mühendisliği","1","6000"
"2018/02/23 7:08:01 ÖS GMT+1","İşletme","3","2000"
"2018/02/23 7:11:05 ÖS GMT+1","İngiliz Dili ve Edebiyatı","2","3000"
"2018/02/23 7:11:18 ÖS GMT+1","Psikoloji","4","3500"
"2018/02/23 7:11:31 ÖS GMT+1","Rehberlik ve Psikolojik Danışmanlık","3","2700"
"2018/02/23 7:11:34 ÖS GMT+1","İngilizce Öğretmenliği","3","6000"
"2018/02/23 7:11:52 ÖS GMT+1","Bilgisayar Mühendisliği","4","4500"
"2018/02/23 7:12:43 ÖS GMT+1","Rehberlik ve Psikolojik Danışmanlık","4","3000"
"2018/02/23 7:13:00 ÖS GMT+1","Matematik","3","3500"
"2018/02/23 7:13:07 ÖS GMT+1","Uluslararası Ticaret","4","3500"
"2018/02/23 7:14:31 ÖS GMT+1","Dilbilim","1"," 1603"
"2018/02/23 7:22:45 ÖS GMT+1","Makine Mühendisliği","4","4500"
"2018/02/23 7:23:11 ÖS GMT+1","Psikoloji","1","3000"
"2018/02/23 7:26:31 ÖS GMT+1","Siyaset Bilimi ve Uluslararası İlişkiler","4","3500"
"2018/02/23 7:27:18 ÖS GMT+1","Moleküler Biyoloji ve Genetik","4","3500"
"2018/02/23 7:29:40 ÖS GMT+1","Uluslararası Ticaret","2","4000"
"2018/02/23 7:31:24 ÖS GMT+1","Kimya Mühendisliği","1","4000"
"2018/02/23 7:31:48 ÖS GMT+1","İlköğretim Matematik Öğretmenliği","Hazırlık","2500"
"2018/02/23 7:32:06 ÖS GMT+1","Matematik","3","2000"
"2018/02/23 7:35:15 ÖS GMT+1","İngilizce Öğretmenliği","1","3500"
"2018/02/23 7:36:42 ÖS GMT+1","Makine Mühendisliği","4","4500"
"2018/02/23 7:37:30 ÖS GMT+1","İktisat","3","4500"
"2018/02/23 7:37:36 ÖS GMT+1","Rehberlik ve Psikolojik Danışmanlık","3","3500"
"2018/02/23 7:38:35 ÖS GMT+1","Fizik","4","6000"
"2018/02/23 7:41:14 ÖS GMT+1","Turizm İşletmeciliği","4","5000"
"2018/02/23 7:46:23 ÖS GMT+1","İngilizce Öğretmenliği","4","3200"
"2018/02/23 7:46:42 ÖS GMT+1","İngilizce Öğretmenliği","4","3000"
"2018/02/23 7:51:26 ÖS GMT+1","Çeviribilim","3","2200"
"2018/02/23 7:51:46 ÖS GMT+1","Uluslararası Ticaret","2","3000"
"2018/02/23 7:52:27 ÖS GMT+1","Psikoloji","4","2400"
"2018/02/23 7:52:59 ÖS GMT+1","Kimya","1","1603"
"2018/02/23 7:53:06 ÖS GMT+1","Moleküler Biyoloji ve Genetik","1","3000"
"2018/02/23 7:53:30 ÖS GMT+1","Makine Mühendisliği","1","1603"
"2018/02/23 7:53:34 ÖS GMT+1","Kimya","1","1603"
"2018/02/23 7:53:55 ÖS GMT+1","Moleküler Biyoloji ve Genetik","1","1603"
"2018/02/23 7:55:09 ÖS GMT+1","Endüstri Mühendisliği","2","3500"
"2018/02/23 7:58:39 ÖS GMT+1","Türk Dili ve Edebiyatı","Hazırlık","5500"
"2018/02/23 7:58:47 ÖS GMT+1","Elektrik-Elektronik Mühendisliği","Hazırlık","10000"
"2018/02/23 8:00:46 ÖS GMT+1","Endüstri Mühendisliği","2","4500"
"2018/02/23 8:03:12 ÖS GMT+1","Siyaset Bilimi ve Uluslararası İlişkiler","2","6500"
"2018/02/23 8:03:14 ÖS GMT+1","Okul Öncesi Öğretmenliği","4","2500"
"2018/02/23 8:09:39 ÖS GMT+1","Kimya","Hazırlık","3500"
"2018/02/23 8:16:33 ÖS GMT+1","İşletme","4","3500"
"2018/02/23 8:21:39 ÖS GMT+1","İşletme","3","5000"
"2018/02/23 8:25:14 ÖS GMT+1","Fen Bilgisi Öğretmenliği","3","3500"
"2018/02/23 8:27:37 ÖS GMT+1","Siyaset Bilimi ve Uluslararası İlişkiler","4","4000"
"2018/02/23 8:29:16 ÖS GMT+1","İşletme","4","7500"
"2018/02/23 8:30:06 ÖS GMT+1","İşletme","4","4000"
"2018/02/23 8:30:10 ÖS GMT+1","Uluslararası Ticaret","1","2750"
"2018/02/23 8:30:12 ÖS GMT+1","Psikoloji","1","3000"
"2018/02/23 8:30:26 ÖS GMT+1","İşletme","4","7000"
"2018/02/23 8:30:35 ÖS GMT+1","Felsefe","3","5000"
"2018/02/23 8:30:44 ÖS GMT+1","İktisat","1","3000"
"2018/02/23 8:30:44 ÖS GMT+1","İşletme","2","4500"
"2018/02/23 8:31:15 ÖS GMT+1","İşletme","2","2400"
"2018/02/23 8:31:44 ÖS GMT+1","İşletme","4","4000"
"2018/02/23 8:32:36 ÖS GMT+1","Kimya","1","3000"
"2018/02/23 8:34:11 ÖS GMT+1","İngiliz Dili ve Edebiyatı","4","3500"
"2018/02/23 8:34:33 ÖS GMT+1","İşletme","3","3200"
"2018/02/23 8:36:36 ÖS GMT+1","İşletme","4","4500"
"2018/02/23 8:36:38 ÖS GMT+1","Elektrik-Elektronik Mühendisliği","3","5000"
"2018/02/23 8:36:48 ÖS GMT+1","İşletme","4","4000"
"2018/02/23 8:37:07 ÖS GMT+1","İşletme","4","10000"
"2018/02/23 8:39:47 ÖS GMT+1","İşletme","3","2800"
"2018/02/23 8:40:13 ÖS GMT+1","İşletme","2","3000"
"2018/02/23 8:41:08 ÖS GMT+1","İşletme","3","3000"
"2018/02/23 8:41:20 ÖS GMT+1","İşletme","4","4000"
"2018/02/23 8:41:21 ÖS GMT+1","İşletme","3","2500"
"2018/02/23 8:41:30 ÖS GMT+1","Rehberlik ve Psikolojik Danışmanlık","2","3000"
"2018/02/23 8:41:33 ÖS GMT+1","İşletme","4","4000"
"2018/02/23 8:41:36 ÖS GMT+1","İşletme","3","2500"
"2018/02/23 8:42:32 ÖS GMT+1","Endüstri Mühendisliği","2","10000"
"2018/02/23 8:43:05 ÖS GMT+1","İşletme","3","3000"
"2018/02/23 8:44:38 ÖS GMT+1","İşletme","3","4000"
"2018/02/23 8:46:33 ÖS GMT+1","Çeviribilim","4","3100"
"2018/02/23 8:46:35 ÖS GMT+1","Rehberlik ve Psikolojik Danışmanlık","3","2500"
"2018/02/23 8:46:43 ÖS GMT+1","İşletme","3","3500"
"2018/02/23 8:47:14 ÖS GMT+1","Bilgisayar Mühendisliği","4","5500"
"2018/02/23 8:47:27 ÖS GMT+1","İşletme","3","2500"
"2018/02/23 8:47:32 ÖS GMT+1","Tarih","Hazırlık","4000"
"2018/02/23 8:49:10 ÖS GMT+1","İngilizce Öğretmenliği","4","3000"
"2018/02/23 8:50:03 ÖS GMT+1","İşletme","3","3500"
"2018/02/23 8:51:04 ÖS GMT+1","Psikoloji","4","2500"
"2018/02/23 8:51:17 ÖS GMT+1","İşletme","4","4000"
"2018/02/23 8:51:35 ÖS GMT+1","İşletme","3","4200"
"2018/02/23 8:52:27 ÖS GMT+1","İşletme","3","4000"
"2018/02/23 8:53:37 ÖS GMT+1","İşletme","3","5000"
"2018/02/23 8:54:02 ÖS GMT+1","İşletme","3","15000"
"2018/02/23 8:54:13 ÖS GMT+1","İşletme","2","3000"
"2018/02/23 8:54:14 ÖS GMT+1","İşletme","3","4000"
"2018/02/23 8:54:40 ÖS GMT+1","Turizm İşletmeciliği","3","4000"
"2018/02/23 8:55:14 ÖS GMT+1","Makine Mühendisliği","2","4000"
"2018/02/23 8:55:21 ÖS GMT+1","İşletme","2","3000"
"2018/02/23 8:55:31 ÖS GMT+1","Türk Dili ve Edebiyatı","4","3000"
"2018/02/23 8:55:39 ÖS GMT+1","Elektrik-Elektronik Mühendisliği","Hazırlık","2000"
"2018/02/23 8:55:47 ÖS GMT+1","İşletme","4","3000"
"2018/02/23 8:56:03 ÖS GMT+1","İşletme","4","4500"
"2018/02/23 8:56:23 ÖS GMT+1","İşletme","4","3500"
"2018/02/23 8:56:55 ÖS GMT+1","Endüstri Mühendisliği","4","3500"
"2018/02/23 8:57:50 ÖS GMT+1","İşletme","2","3800"
"2018/02/23 8:58:01 ÖS GMT+1","İşletme","4","9000"
"2018/02/23 8:58:40 ÖS GMT+1","Bilgisayar ve Öğretim Teknolojileri Öğretmenliği","1","2500"
"2018/02/23 8:59:19 ÖS GMT+1","İnşaat Mühendisliği","4","4800"
"2018/02/23 8:59:35 ÖS GMT+1","Kimya Mühendisliği","3","4000"
"2018/02/23 8:59:38 ÖS GMT+1","İşletme","4","4500"
"2018/02/23 8:59:56 ÖS GMT+1","İşletme","4","3500"
"2018/02/23 9:01:02 ÖS GMT+1","İşletme","4","4000"
"2018/02/23 9:01:18 ÖS GMT+1","Bilgisayar Mühendisliği","1","1603"
"2018/02/23 9:02:46 ÖS GMT+1","Makine Mühendisliği","2","4000"
"2018/02/23 9:04:32 ÖS GMT+1","Elektrik-Elektronik Mühendisliği","2","6000"
"2018/02/23 9:05:07 ÖS GMT+1","İktisat","4","4500"
"2018/02/23 9:05:17 ÖS GMT+1","İngiliz Dili ve Edebiyatı","2","2500"
"2018/02/23 9:06:45 ÖS GMT+1","Endüstri Mühendisliği","4","4000"
"2018/02/23 9:07:43 ÖS GMT+1","İşletme","4","4500"
"2018/02/23 9:08:33 ÖS GMT+1","İnşaat Mühendisliği","2","3200"
"2018/02/23 9:09:23 ÖS GMT+1","Psikoloji","4","2250"
"2018/02/23 9:11:51 ÖS GMT+1","İngilizce Öğretmenliği","3","3623"
"2018/02/23 9:11:56 ÖS GMT+1","Uluslararası Ticaret","Hazırlık","4000"
"2018/02/23 9:12:26 ÖS GMT+1","Siyaset Bilimi ve Uluslararası İlişkiler","1","5500"
"2018/02/23 9:13:37 ÖS GMT+1","İşletme","4","4000"
"2018/02/23 9:13:46 ÖS GMT+1","İşletme","3","2700"
"2018/02/23 9:14:06 ÖS GMT+1","İngilizce Öğretmenliği","4","2500"
"2018/02/23 9:14:15 ÖS GMT+1","Siyaset Bilimi ve Uluslararası İlişkiler","3","5000"
"2018/02/23 9:15:10 ÖS GMT+1","İktisat","2","4000"
"2018/02/23 9:15:49 ÖS GMT+1","Yönetim Bilişim Sistemleri","4","3500"
"2018/02/23 9:16:34 ÖS GMT+1","Yönetim Bilişim Sistemleri","2","4000"
"2018/02/23 9:17:22 ÖS GMT+1","Fizik","2","2400"
"2018/02/23 9:19:03 ÖS GMT+1","İşletme","3","3500"
"2018/02/23 9:22:22 ÖS GMT+1","İktisat","4","3150"
"2018/02/23 9:22:33 ÖS GMT+1","İşletme","4","5000"
"2018/02/23 9:24:45 ÖS GMT+1","Bilgisayar ve Öğretim Teknolojileri Öğretmenliği","4","2700"
"2018/02/23 9:25:27 ÖS GMT+1","İşletme","3","4000"
"2018/02/23 9:26:07 ÖS GMT+1","Psikoloji","1","2500"
"2018/02/23 9:29:25 ÖS GMT+1","Bilgisayar Mühendisliği","4","5000"
"2018/02/23 9:29:52 ÖS GMT+1","İşletme","3","3000"
"2018/02/23 9:32:09 ÖS GMT+1","Psikoloji","2","5000"
"2018/02/23 9:34:36 ÖS GMT+1","İnşaat Mühendisliği","4","3000"
"2018/02/23 9:36:00 ÖS GMT+1","İktisat","3","3000"
"2018/02/23 9:39:54 ÖS GMT+1","İşletme","4","5000"
"2018/02/23 9:45:01 ÖS GMT+1","Türk Dili ve Edebiyatı","1","3500"
"2018/02/23 9:46:08 ÖS GMT+1","Siyaset Bilimi ve Uluslararası İlişkiler","3","3000"
"2018/02/23 9:47:16 ÖS GMT+1","İşletme","3","3200"
"2018/02/23 9:50:08 ÖS GMT+1","Endüstri Mühendisliği","4","8000"
"2018/02/23 9:53:19 ÖS GMT+1","İktisat","2","3500"
"2018/02/23 9:55:00 ÖS GMT+1","Tarih","4","4000"
"2018/02/23 9:55:18 ÖS GMT+1","Makine Mühendisliği","3","49999"
"2018/02/23 9:57:10 ÖS GMT+1","Makine Mühendisliği","4","5000"
"2018/02/23 9:57:30 ÖS GMT+1","Endüstri Mühendisliği","1","3200"
"2018/02/23 9:57:43 ÖS GMT+1","İşletme","4","3500"
"2018/02/23 10:03:54 ÖS GMT+1","İşletme","3","4000"
"2018/02/23 10:05:34 ÖS GMT+1","İşletme","2","49000"
"2018/02/23 10:11:03 ÖS GMT+1","Yönetim Bilişim Sistemleri","3","4000"
"2018/02/23 10:12:36 ÖS GMT+1","İngilizce Öğretmenliği","3","2800"
"2018/02/23 10:14:23 ÖS GMT+1","İktisat","4","4500"
"2018/02/23 10:18:45 ÖS GMT+1","İşletme","3","4000"
"2018/02/23 10:21:49 ÖS GMT+1","İşletme","3","3500"
"2018/02/23 10:22:24 ÖS GMT+1","Siyaset Bilimi ve Uluslararası İlişkiler","3","2800"
"2018/02/23 10:24:24 ÖS GMT+1","İnşaat Mühendisliği","1","3000"
"2018/02/23 10:24:47 ÖS GMT+1","Rehberlik ve Psikolojik Danışmanlık","4","3500"
"2018/02/23 10:25:00 ÖS GMT+1","Çeviribilim","4","3500"
"2018/02/23 10:27:30 ÖS GMT+1","Rehberlik ve Psikolojik Danışmanlık","1","4000"
"2018/02/23 10:27:57 ÖS GMT+1","İşletme","3","8000"
"2018/02/23 10:34:08 ÖS GMT+1","Elektrik-Elektronik Mühendisliği","2","6000"
"2018/02/23 10:37:15 ÖS GMT+1","Siyaset Bilimi ve Uluslararası İlişkiler","2","5000"
"2018/02/23 10:37:30 ÖS GMT+1","Endüstri Mühendisliği","1","4500"
"2018/02/23 10:42:45 ÖS GMT+1","İngilizce Öğretmenliği","4","3000"
"2018/02/23 10:43:47 ÖS GMT+1","Yönetim Bilişim Sistemleri","4","3000"
"2018/02/23 10:47:37 ÖS GMT+1","Elektrik-Elektronik Mühendisliği","4","4000"
"2018/02/23 10:49:09 ÖS GMT+1","Makine Mühendisliği","3","4000 "
"2018/02/23 10:50:35 ÖS GMT+1","Kimya Öğretmenliği","2","2500"
"2018/02/23 10:51:03 ÖS GMT+1","Uluslararası Ticaret","3","3000"
"2018/02/23 10:51:43 ÖS GMT+1","Uluslararası Ticaret","3","3250"
"2018/02/23 10:52:24 ÖS GMT+1","Makine Mühendisliği","3","4000"
"2018/02/23 11:01:53 ÖS GMT+1","Sosyoloji","2","5000"
"2018/02/23 11:04:55 ÖS GMT+1","İşletme","2","3500"
"2018/02/23 11:05:18 ÖS GMT+1","Makine Mühendisliği","3","3750"
"2018/02/23 11:08:26 ÖS GMT+1","Sosyoloji","4","3500"
"2018/02/23 11:09:43 ÖS GMT+1","Makine Mühendisliği","3","4200"
"2018/02/23 11:10:12 ÖS GMT+1","İngilizce Öğretmenliği","4","3000"
"2018/02/23 11:10:32 ÖS GMT+1","Makine Mühendisliği","3","3500"
"2018/02/23 11:11:03 ÖS GMT+1","Makine Mühendisliği","3","3000"
"2018/02/23 11:11:05 ÖS GMT+1","İşletme","4","3000"
"2018/02/23 11:11:24 ÖS GMT+1","Makine Mühendisliği","3","4000"
"2018/02/23 11:12:10 ÖS GMT+1","Elektrik-Elektronik Mühendisliği","4","4500"
"2018/02/23 11:12:33 ÖS GMT+1","İşletme","2","1603"
"2018/02/23 11:12:35 ÖS GMT+1","Makine Mühendisliği","3","5000"
"2018/02/23 11:17:35 ÖS GMT+1","Sosyoloji","Hazırlık","4000"
"2018/02/23 11:19:28 ÖS GMT+1","Yönetim Bilişim Sistemleri","3","4000"
"2018/02/23 11:24:06 ÖS GMT+1","İşletme","1","3800"
"2018/02/23 11:28:44 ÖS GMT+1","Makine Mühendisliği","3","4000"
"2018/02/23 11:31:21 ÖS GMT+1","Okul Öncesi Öğretmenliği","2","3500"
"2018/02/23 11:36:21 ÖS GMT+1","İnşaat Mühendisliği","4","5000"
"2018/02/23 11:37:56 ÖS GMT+1","Bilgisayar Mühendisliği","1","2800"
"2018/02/23 11:41:03 ÖS GMT+1","Makine Mühendisliği","1","5000"
"2018/02/23 11:41:28 ÖS GMT+1","İşletme","2","4000"
"2018/02/23 11:44:31 ÖS GMT+1","İşletme","2","4500"
"2018/02/23 11:52:08 ÖS GMT+1","Makine Mühendisliği","3","4300"
"2018/02/23 11:58:50 ÖS GMT+1","Bilgisayar Mühendisliği","2","5000"
"2018/02/24 12:10:57 ÖÖ GMT+1","Kimya Mühendisliği","4","4000"
"2018/02/24 12:12:41 ÖÖ GMT+1","İktisat","2","5000"
"2018/02/24 12:13:12 ÖÖ GMT+1","İşletme","4","4000"
"2018/02/24 12:13:45 ÖÖ GMT+1","Okul Öncesi Öğretmenliği","3","3000"
"2018/02/24 12:21:23 ÖÖ GMT+1","Bilgisayar Mühendisliği","4","3500"
"2018/02/24 12:28:58 ÖÖ GMT+1","İktisat","1","3800"
"2018/02/24 12:44:01 ÖÖ GMT+1","Fizik","1","2000"
"2018/02/24 12:46:02 ÖÖ GMT+1","Turizm İşletmeciliği","4","2300"
"2018/02/24 12:47:56 ÖÖ GMT+1","Uluslararası Ticaret","4","3300"
"2018/02/24 12:54:41 ÖÖ GMT+1","Rehberlik ve Psikolojik Danışmanlık","3","2500"
"2018/02/24 1:01:41 ÖÖ GMT+1","Çeviribilim","4","3000"
"2018/02/24 1:11:48 ÖÖ GMT+1","Kimya Mühendisliği","2","3500"
"2018/02/24 1:27:11 ÖÖ GMT+1","Elektrik-Elektronik Mühendisliği","4","5000"
"2018/02/24 1:35:55 ÖÖ GMT+1","Bilgisayar Mühendisliği","Hazırlık","50000"
"2018/02/24 1:36:12 ÖÖ GMT+1","Bilgisayar ve Öğretim Teknolojileri Öğretmenliği","Hazırlık","50000"
"2018/02/24 1:36:29 ÖÖ GMT+1","Fen Bilgisi Öğretmenliği","Hazırlık","50000"
"2018/02/24 1:36:45 ÖÖ GMT+1","Fizik Öğretmenliği","Hazırlık","50000"
"2018/02/24 1:37:02 ÖÖ GMT+1","Yönetim Bilişim Sistemleri","Hazırlık","50000"
"2018/02/24 1:39:46 ÖÖ GMT+1","Makine Mühendisliği","3","3800"
"2018/02/24 1:40:42 ÖÖ GMT+1","İşletme","3","2500"
"2018/02/24 2:04:37 ÖÖ GMT+1","İngiliz Dili ve Edebiyatı","2","1603"
"2018/02/24 2:23:20 ÖÖ GMT+1","İnşaat Mühendisliği","4","3500"
"2018/02/24 2:28:06 ÖÖ GMT+1","Endüstri Mühendisliği","2","4000"
"2018/02/24 2:37:31 ÖÖ GMT+1","İngilizce Öğretmenliği","1","3000"
"2018/02/24 2:43:56 ÖÖ GMT+1","Fizik","2","5000"
"2018/02/24 4:08:54 ÖÖ GMT+1","Yönetim Bilişim Sistemleri","3","4000"
"2018/02/24 5:15:03 ÖÖ GMT+1","Tarih","1","2500"
"2018/02/24 5:40:56 ÖÖ GMT+1","Rehberlik ve Psikolojik Danışmanlık","4","2500"
"2018/02/24 5:56:55 ÖÖ GMT+1","Matematik","3","4000"
"2018/02/24 5:57:05 ÖÖ GMT+1","İşletme","3","2700 "
"2018/02/24 6:06:00 ÖÖ GMT+1","Bilgisayar Mühendisliği","2","3000"
"2018/02/24 6:34:51 ÖÖ GMT+1","Makine Mühendisliği","3","5000"
"2018/02/24 7:03:04 ÖÖ GMT+1","Çeviribilim","4","3000"
"2018/02/24 7:10:22 ÖÖ GMT+1","Sosyoloji","4","3000"
"2018/02/24 7:13:00 ÖÖ GMT+1","İktisat","3","3300"
"2018/02/24 7:26:36 ÖÖ GMT+1","İktisat","3","2500"
"2018/02/24 7:28:00 ÖÖ GMT+1","İşletme","3","3500"
"2018/02/24 7:38:15 ÖÖ GMT+1","Kimya","4","3200"
"2018/02/24 7:44:13 ÖÖ GMT+1","İktisat","4","4000"
"2018/02/24 7:59:51 ÖÖ GMT+1","İnşaat Mühendisliği","2","5000"
"2018/02/24 8:15:05 ÖÖ GMT+1","Bilgisayar Mühendisliği","3","15000"
"2018/02/24 8:25:21 ÖÖ GMT+1","Bilgisayar ve Öğretim Teknolojileri Öğretmenliği","Hazırlık","5000"
"2018/02/24 8:29:10 ÖÖ GMT+1","İşletme","2","1800 "
"2018/02/24 8:29:38 ÖÖ GMT+1","İşletme","2","1800 "
"2018/02/24 8:30:09 ÖÖ GMT+1","Turizm İşletmeciliği","Hazırlık","5000"
"2018/02/24 8:30:11 ÖÖ GMT+1","Turizm İşletmeciliği","Hazırlık","5000"
"2018/02/24 8:30:13 ÖÖ GMT+1","İktisat","2","2000 "
"2018/02/24 8:30:38 ÖÖ GMT+1","İktisat","2","2000 "
"2018/02/24 8:34:36 ÖÖ GMT+1","İngiliz Dili ve Edebiyatı","2","3500"
"2018/02/24 8:58:50 ÖÖ GMT+1","Sosyoloji","1","3500"
"2018/02/24 9:19:07 ÖÖ GMT+1","Sosyoloji","2","2500"
"2018/02/24 9:19:49 ÖÖ GMT+1","Endüstri Mühendisliği","3","5000"
"2018/02/24 9:26:05 ÖÖ GMT+1","İngilizce Öğretmenliği","4","2500"
"2018/02/24 9:27:18 ÖÖ GMT+1","Kimya Mühendisliği","4","3000"
"2018/02/24 9:31:01 ÖÖ GMT+1","Bilgisayar Mühendisliği","4","4500"
"2018/02/24 9:41:23 ÖÖ GMT+1","Fen Bilgisi Öğretmenliği","2","3500"
"2018/02/24 9:58:08 ÖÖ GMT+1","Bilgisayar Mühendisliği","2","4000"
"2018/02/24 9:58:52 ÖÖ GMT+1","İngilizce Öğretmenliği","3","3000"
"2018/02/24 10:05:02 ÖÖ GMT+1","Siyaset Bilimi ve Uluslararası İlişkiler","1","5000"
"2018/02/24 10:28:47 ÖÖ GMT+1","Matematik","4","30000"
"2018/02/24 10:29:42 ÖÖ GMT+1","Matematik","4","3000"
"2018/02/24 10:39:19 ÖÖ GMT+1","İnşaat Mühendisliği","1","3000"
"2018/02/24 11:02:12 ÖÖ GMT+1","Dilbilim","1","1604"
"2018/02/24 11:04:05 ÖÖ GMT+1","Çeviribilim","3","5000"
"2018/02/24 11:05:09 ÖÖ GMT+1","Rehberlik ve Psikolojik Danışmanlık","1","2500"
"2018/02/24 11:09:17 ÖÖ GMT+1","İktisat","4","2700"
"2018/02/24 11:25:48 ÖÖ GMT+1","Psikoloji","1","2600"
"2018/02/24 11:28:58 ÖÖ GMT+1","Kimya","4","2800"
"2018/02/24 11:29:30 ÖÖ GMT+1","İktisat","4","5000"
"2018/02/24 11:38:02 ÖÖ GMT+1","Endüstri Mühendisliği","3","4000"
"2018/02/24 11:40:46 ÖÖ GMT+1","Okul Öncesi Öğretmenliği","2","3500"
"2018/02/24 11:47:22 ÖÖ GMT+1","Kimya Mühendisliği","3","3200"
"2018/02/24 11:56:44 ÖÖ GMT+1","Siyaset Bilimi ve Uluslararası İlişkiler","4","3000"
"2018/02/24 12:13:02 ÖS GMT+1","İngilizce Öğretmenliği","2","2800"
"2018/02/24 12:21:16 ÖS GMT+1","Uluslararası Ticaret","4","3000"
"2018/02/24 12:23:14 ÖS GMT+1","Sosyoloji","3","3000"
"2018/02/24 12:24:43 ÖS GMT+1","Yönetim Bilişim Sistemleri","Hazırlık","3750"
"2018/02/24 12:27:53 ÖS GMT+1","İktisat","4","4500"
"2018/02/24 12:37:27 ÖS GMT+1","İngilizce Öğretmenliği","1","2000"
"2018/02/24 12:42:01 ÖS GMT+1","Okul Öncesi Öğretmenliği","3","4000"
"2018/02/24 12:50:34 ÖS GMT+1","Bilgisayar Mühendisliği","3","3000"
"2018/02/24 1:07:54 ÖS GMT+1","Fen Bilgisi Öğretmenliği","3","2500"
"2018/02/24 1:08:49 ÖS GMT+1","Sosyoloji","2","3000"
"2018/02/24 1:14:16 ÖS GMT+1","Elektrik-Elektronik Mühendisliği","1","4200"
"2018/02/24 1:16:05 ÖS GMT+1","Endüstri Mühendisliği","3","4000"
"2018/02/24 1:21:00 ÖS GMT+1","Sosyoloji","3","2000"
"2018/02/24 1:21:30 ÖS GMT+1","Bilgisayar Mühendisliği","4","4500"
"2018/02/24 1:27:04 ÖS GMT+1","Kimya","2","2500"
"2018/02/24 1:37:51 ÖS GMT+1","Yönetim Bilişim Sistemleri","2","4500"
"2018/02/24 1:41:18 ÖS GMT+1","Psikoloji","Hazırlık","3000"
"2018/02/24 1:44:13 ÖS GMT+1","Makine Mühendisliği","Hazırlık","5000"
"2018/02/24 1:44:34 ÖS GMT+1","İktisat","3","4000"
"2018/02/24 1:46:52 ÖS GMT+1","Türk Dili ve Edebiyatı","Hazırlık","2500"
"2018/02/24 1:50:35 ÖS GMT+1","Matematik","4","2000"
"2018/02/24 1:53:37 ÖS GMT+1","Dilbilim","2","3000"
"2018/02/24 1:55:22 ÖS GMT+1","Uluslararası Ticaret","3","49000"
"2018/02/24 1:56:40 ÖS GMT+1","Matematik","2","7500"
"2018/02/24 1:57:41 ÖS GMT+1","Uluslararası Ticaret","4","3500"
"2018/02/24 1:58:49 ÖS GMT+1","Uluslararası Ticaret","3","50000"
"2018/02/24 1:59:16 ÖS GMT+1","Uluslararası Ticaret","2","4200"
"2018/02/24 1:59:41 ÖS GMT+1","Uluslararası Ticaret","4","2500"
"2018/02/24 2:00:12 ÖS GMT+1","Uluslararası Ticaret","4","4000"
"2018/02/24 2:00:15 ÖS GMT+1","Uluslararası Ticaret","3","50000"
"2018/02/24 2:02:23 ÖS GMT+1","Uluslararası Ticaret","3","3500"
"2018/02/24 2:02:54 ÖS GMT+1","Elektrik-Elektronik Mühendisliği","4","5000"
"2018/02/24 2:03:16 ÖS GMT+1","Uluslararası Ticaret","4","4350"
"2018/02/24 2:05:58 ÖS GMT+1","Matematik","4","4000"
"2018/02/24 2:06:01 ÖS GMT+1","Elektrik-Elektronik Mühendisliği","4","4000"
"2018/02/24 2:08:08 ÖS GMT+1","İşletme","4","4000"
"2018/02/24 2:08:13 ÖS GMT+1","Çeviribilim","1","2500"
"2018/02/24 2:08:15 ÖS GMT+1","Makine Mühendisliği","2","5000"
"2018/02/24 2:08:45 ÖS GMT+1","Matematik","4","4500"
"2018/02/24 2:14:52 ÖS GMT+1","Rehberlik ve Psikolojik Danışmanlık","Hazırlık","2500"
"2018/02/24 2:15:47 ÖS GMT+1","İlköğretim Matematik Öğretmenliği","Hazırlık","1604"
"2018/02/24 2:16:09 ÖS GMT+1","Uluslararası Ticaret","4","3000"
"2018/02/24 2:16:57 ÖS GMT+1","İşletme","Hazırlık","3000"
"2018/02/24 2:17:27 ÖS GMT+1","Tarih","Hazırlık","4500"
"2018/02/24 2:18:55 ÖS GMT+1","Tarih","Hazırlık","3800"
"2018/02/24 2:24:16 ÖS GMT+1","Uluslararası Ticaret","Hazırlık","3000"
"2018/02/24 2:24:22 ÖS GMT+1","Rehberlik ve Psikolojik Danışmanlık","4","2500"
"2018/02/24 2:24:57 ÖS GMT+1","Uluslararası Ticaret","3","1900"
"2018/02/24 2:30:53 ÖS GMT+1","Matematik","3","1603"
"2018/02/24 2:33:45 ÖS GMT+1","Uluslararası Ticaret","3","3000"
"2018/02/24 2:37:52 ÖS GMT+1","İşletme","1","3500"
"2018/02/24 2:38:30 ÖS GMT+1","İktisat","4","4000"
"2018/02/24 2:39:02 ÖS GMT+1","İktisat","2","3300"
"2018/02/24 2:39:14 ÖS GMT+1","İktisat","1","4000"
"2018/02/24 2:39:48 ÖS GMT+1","İktisat","1","5500"
"2018/02/24 2:40:56 ÖS GMT+1","Felsefe","Hazırlık","2000"
"2018/02/24 2:43:03 ÖS GMT+1","İktisat","1","7000"
"2018/02/24 2:44:19 ÖS GMT+1","İktisat","1","4500"
"2018/02/24 2:44:47 ÖS GMT+1","İktisat","1","3800"
"2018/02/24 2:44:48 ÖS GMT+1","Türk Dili ve Edebiyatı","4","2000"
"2018/02/24 2:47:02 ÖS GMT+1","Kimya Mühendisliği","3","5000"
"2018/02/24 2:47:13 ÖS GMT+1","İktisat","1","4500"
"2018/02/24 2:47:14 ÖS GMT+1","İktisat","1","3000"
"2018/02/24 2:48:56 ÖS GMT+1","İktisat","1","4000"
"2018/02/24 2:49:20 ÖS GMT+1","İktisat","1","3000"
"2018/02/24 2:50:14 ÖS GMT+1","Uluslararası Ticaret","3","5500"
"2018/02/24 2:50:30 ÖS GMT+1","Yönetim Bilişim Sistemleri","Hazırlık","4500"
"2018/02/24 2:50:48 ÖS GMT+1","İktisat","2","3500"
"2018/02/24 2:51:00 ÖS GMT+1","Bilgisayar Mühendisliği","3","5000"
"2018/02/24 2:51:51 ÖS GMT+1","Fizik","2","3500"
"2018/02/24 2:53:37 ÖS GMT+1","Uluslararası Ticaret","3","3000"
"2018/02/24 2:54:03 ÖS GMT+1","İktisat","2","3500"
"2018/02/24 2:57:47 ÖS GMT+1","İktisat","3","4000"
"2018/02/24 3:02:45 ÖS GMT+1","İktisat","1","7000"
"2018/02/24 3:09:29 ÖS GMT+1","İktisat","1","4000"
"2018/02/24 3:10:38 ÖS GMT+1","Uluslararası Ticaret","3","5500"
"2018/02/24 3:13:59 ÖS GMT+1","İktisat","1","5000"
"2018/02/24 3:17:59 ÖS GMT+1","Makine Mühendisliği","3","4800"
"2018/02/24 3:24:06 ÖS GMT+1","İktisat","Hazırlık","5000"
"2018/02/24 3:25:02 ÖS GMT+1","İktisat","1","5000"
"2018/02/24 3:38:21 ÖS GMT+1","Uluslararası Ticaret","3","3250"
"2018/02/24 3:38:35 ÖS GMT+1","Uluslararası Ticaret","3","6500"
"2018/02/24 3:42:01 ÖS GMT+1","İktisat","1","3800"
"2018/02/24 3:43:19 ÖS GMT+1","Endüstri Mühendisliği","3","4200"
"2018/02/24 3:43:30 ÖS GMT+1","İktisat","1","5000"
"2018/02/24 3:45:46 ÖS GMT+1","Matematik","2","7500"
"2018/02/24 3:53:58 ÖS GMT+1","İktisat","2","3500"
"2018/02/24 4:00:33 ÖS GMT+1","Türk Dili ve Edebiyatı","Hazırlık","3000"
"2018/02/24 4:03:42 ÖS GMT+1","Türk Dili ve Edebiyatı","4","1900"
"2018/02/24 4:09:24 ÖS GMT+1","Kimya Mühendisliği","2","4200"
"2018/02/24 4:14:14 ÖS GMT+1","Kimya","2","3896"
"2018/02/24 4:17:56 ÖS GMT+1","Felsefe","Hazırlık","3000"
"2018/02/24 4:32:32 ÖS GMT+1","Bilgisayar Mühendisliği","4","5000"
"2018/02/24 4:35:01 ÖS GMT+1","İktisat","1","5000"
"2018/02/24 4:39:29 ÖS GMT+1","İktisat","3","12000"
"2018/02/24 4:41:28 ÖS GMT+1","İlköğretim Matematik Öğretmenliği","2","3500"
"2018/02/24 5:05:20 ÖS GMT+1","İngilizce Öğretmenliği","1","3000"
"2018/02/24 5:06:21 ÖS GMT+1","Psikoloji","4","1800"
"2018/02/24 5:27:52 ÖS GMT+1","Kimya","2","2750"
"2018/02/24 5:29:02 ÖS GMT+1","Matematik","3","3000"
"2018/02/24 5:30:59 ÖS GMT+1","İşletme","4","3500"
"2018/02/24 5:33:33 ÖS GMT+1","Bilgisayar ve Öğretim Teknolojileri Öğretmenliği","3","2500"
"2018/02/24 6:26:56 ÖS GMT+1","İktisat","2","5000"
"2018/02/24 6:47:08 ÖS GMT+1","Makine Mühendisliği","4","4000"
"2018/02/24 7:29:24 ÖS GMT+1","İktisat","4","4000"
"2018/02/24 7:30:11 ÖS GMT+1","Elektrik-Elektronik Mühendisliği","3","3000"
"2018/02/24 7:34:37 ÖS GMT+1","İlköğretim Matematik Öğretmenliği","2","2500"
"2018/02/24 7:37:21 ÖS GMT+1","Kimya Mühendisliği","4","5000"
"2018/02/24 7:38:07 ÖS GMT+1","İşletme","4","4000"
"2018/02/24 7:45:16 ÖS GMT+1","Turizm İşletmeciliği","2","3000"
"2018/02/24 8:03:22 ÖS GMT+1","İşletme","4","3000"
"2018/02/24 8:34:59 ÖS GMT+1","İnşaat Mühendisliği","2","8000"
"2018/02/24 9:03:29 ÖS GMT+1","Siyaset Bilimi ve Uluslararası İlişkiler","4","4200"
"2018/02/24 9:04:50 ÖS GMT+1","İnşaat Mühendisliği","4","3000"
"2018/02/24 9:04:57 ÖS GMT+1","Makine Mühendisliği","3","5500"
"2018/02/24 9:26:15 ÖS GMT+1","Rehberlik ve Psikolojik Danışmanlık","4","2000"
"2018/02/24 9:55:05 ÖS GMT+1","Endüstri Mühendisliği","4","3500"
"2018/02/24 10:26:12 ÖS GMT+1","İktisat","Hazırlık","5000"
"2018/02/24 10:36:53 ÖS GMT+1","Makine Mühendisliği","3","4500"
"2018/02/24 10:41:01 ÖS GMT+1","Yönetim Bilişim Sistemleri","1","2200"
"2018/02/24 10:43:28 ÖS GMT+1","İşletme","4","3800"
"2018/02/24 11:23:44 ÖS GMT+1","İşletme","4","3000"
"2018/02/24 11:40:55 ÖS GMT+1","İşletme","3","2500"
"2018/02/24 11:59:09 ÖS GMT+1","Turizm İşletmeciliği","4","3000"
"2018/02/25 12:14:04 ÖÖ GMT+1","Endüstri Mühendisliği","4","4900"
"2018/02/25 12:15:08 ÖÖ GMT+1","Psikoloji","4","3000"
"2018/02/25 12:17:01 ÖÖ GMT+1","Siyaset Bilimi ve Uluslararası İlişkiler","4","2500"
"2018/02/25 12:54:18 ÖÖ GMT+1","İşletme","4","4250"
"2018/02/25 1:49:54 ÖÖ GMT+1","Bilgisayar ve Öğretim Teknolojileri Öğretmenliği","4","3500"
"2018/02/25 5:59:21 ÖÖ GMT+1","Felsefe","4","1881"
"2018/02/25 8:52:31 ÖÖ GMT+1","Endüstri Mühendisliği","1","2500"
"2018/02/25 9:25:46 ÖÖ GMT+1","Turizm İşletmeciliği","2","3000"
"2018/02/25 10:38:30 ÖÖ GMT+1","Endüstri Mühendisliği","3","5000"
"2018/02/25 10:50:44 ÖÖ GMT+1","Bilgisayar Mühendisliği","2","3500"
"2018/02/25 11:17:48 ÖÖ GMT+1","Uluslararası Ticaret","4","4500"
"2018/02/25 11:21:10 ÖÖ GMT+1","Sosyoloji","2","3500"
"2018/02/25 11:25:05 ÖÖ GMT+1","Siyaset Bilimi ve Uluslararası İlişkiler","1","3500"
"2018/02/25 11:27:26 ÖÖ GMT+1","Psikoloji","3","3500"
"2018/02/25 11:28:26 ÖÖ GMT+1","İnşaat Mühendisliği","2","5000"
"2018/02/25 11:40:25 ÖÖ GMT+1","Felsefe","4","2500"
"2018/02/25 11:44:58 ÖÖ GMT+1","Makine Mühendisliği","3","4000"
"2018/02/25 11:45:19 ÖÖ GMT+1","Uluslararası Ticaret","3","5000"
"2018/02/25 12:09:24 ÖS GMT+1","Endüstri Mühendisliği","4","4200"
"2018/02/25 1:28:11 ÖS GMT+1","İktisat","3","3000"
"2018/02/25 1:56:47 ÖS GMT+1","Makine Mühendisliği","2","4500"
"2018/02/25 2:11:06 ÖS GMT+1","Psikoloji","1","3800"
"2018/02/25 3:03:12 ÖS GMT+1","Bilgisayar Mühendisliği","1","3000"
"2018/02/25 3:07:39 ÖS GMT+1","Elektrik-Elektronik Mühendisliği","2","4000"
"2018/02/25 3:14:44 ÖS GMT+1","Elektrik-Elektronik Mühendisliği","2","3500"
"2018/02/25 3:19:01 ÖS GMT+1","Kimya","2","4000"
"2018/02/25 3:26:11 ÖS GMT+1","İşletme","2","6000"
"2018/02/25 3:27:41 ÖS GMT+1","Fen Bilgisi Öğretmenliği","3","2500"
"2018/02/25 3:39:06 ÖS GMT+1","Endüstri Mühendisliği","2","6000"
"2018/02/25 4:06:42 ÖS GMT+1","İngilizce Öğretmenliği","4","3000"
"2018/02/25 4:07:32 ÖS GMT+1","İktisat","4","3000"
"2018/02/25 4:20:54 ÖS GMT+1","İktisat","1","4000"
"2018/02/25 4:31:12 ÖS GMT+1","Uluslararası Ticaret","Hazırlık","2500"
"2018/02/25 4:34:20 ÖS GMT+1","Turizm İşletmeciliği","2","3000"
"2018/02/25 4:34:36 ÖS GMT+1","İşletme","2","3500"
"2018/02/25 5:21:39 ÖS GMT+1","İktisat","2","3600"
"2018/02/25 5:24:54 ÖS GMT+1","Bilgisayar ve Öğretim Teknolojileri Öğretmenliği","3","2000"
"2018/02/25 5:34:31 ÖS GMT+1","İşletme","1","3500"
"2018/02/25 5:41:45 ÖS GMT+1","Psikoloji","1","4000"
"2018/02/25 5:42:08 ÖS GMT+1","İktisat","3","4000"
"2018/02/25 5:43:42 ÖS GMT+1","İngilizce Öğretmenliği","3","2000"
"2018/02/25 5:44:25 ÖS GMT+1","Elektrik-Elektronik Mühendisliği","1","4500"
"2018/02/25 6:03:24 ÖS GMT+1","Yönetim Bilişim Sistemleri","3","4000"
"2018/02/25 6:10:36 ÖS GMT+1","İngiliz Dili ve Edebiyatı","4","3000 "
"2018/02/25 6:14:55 ÖS GMT+1","Endüstri Mühendisliği","3","4000"
"2018/02/25 6:19:31 ÖS GMT+1","Bilgisayar Mühendisliği","4","12000"
"2018/02/25 6:35:06 ÖS GMT+1","İnşaat Mühendisliği","4","3800"
"2018/02/25 6:37:54 ÖS GMT+1","Uluslararası Ticaret","4","5000"
"2018/02/25 6:38:37 ÖS GMT+1","Elektrik-Elektronik Mühendisliği","2","2200"
"2018/02/25 6:38:46 ÖS GMT+1","Siyaset Bilimi ve Uluslararası İlişkiler","4","4500"
"2018/02/25 6:39:09 ÖS GMT+1","Sosyoloji","4","2500"
"2018/02/25 6:39:24 ÖS GMT+1","Siyaset Bilimi ve Uluslararası İlişkiler","2","2800"
"2018/02/25 6:42:08 ÖS GMT+1","Makine Mühendisliği","3","4000"
"2018/02/25 6:53:54 ÖS GMT+1","Siyaset Bilimi ve Uluslararası İlişkiler","4","4500"
"2018/02/25 6:54:03 ÖS GMT+1","Siyaset Bilimi ve Uluslararası İlişkiler","4","4500"
"2018/02/25 7:07:40 ÖS GMT+1","Makine Mühendisliği","4","5000"
"2018/02/25 7:20:02 ÖS GMT+1","İlköğretim Matematik Öğretmenliği","2","2500"
"2018/02/25 7:25:34 ÖS GMT+1","İktisat","2","3500"
"2018/02/25 7:29:32 ÖS GMT+1","İnşaat Mühendisliği","3","3000"
"2018/02/25 7:35:47 ÖS GMT+1","Elektrik-Elektronik Mühendisliği","2","6000"
"2018/02/25 7:38:26 ÖS GMT+1","Bilgisayar Mühendisliği","4","5500"
"2018/02/25 7:44:25 ÖS GMT+1","İşletme","4","5500"
"2018/02/25 7:56:26 ÖS GMT+1","İşletme","4","12350"
"2018/02/25 8:13:14 ÖS GMT+1","İnşaat Mühendisliği","4","3600"
"2018/02/25 8:21:01 ÖS GMT+1","Felsefe","Hazırlık","20000"
"2018/02/25 8:23:55 ÖS GMT+1","Elektrik-Elektronik Mühendisliği","4","4500"
"2018/02/25 8:25:24 ÖS GMT+1","İngiliz Dili ve Edebiyatı","4","1603"
"2018/02/25 8:29:35 ÖS GMT+1","Bilgisayar ve Öğretim Teknolojileri Öğretmenliği","4","3500"
"2018/02/25 9:05:58 ÖS GMT+1","Makine Mühendisliği","2","3000"
"2018/02/25 9:21:00 ÖS GMT+1","Elektrik-Elektronik Mühendisliği","2","3000"
"2018/02/25 9:27:57 ÖS GMT+1","Fen Bilgisi Öğretmenliği","4","3000"
"2018/02/25 9:37:00 ÖS GMT+1","Moleküler Biyoloji ve Genetik","3","1603"
"2018/02/25 9:37:25 ÖS GMT+1","İngilizce Öğretmenliği","3","3000"
"2018/02/25 9:40:43 ÖS GMT+1","Moleküler Biyoloji ve Genetik","4","4000"
"2018/02/25 9:42:30 ÖS GMT+1","Bilgisayar Mühendisliği","4","4000"
"2018/02/25 9:43:29 ÖS GMT+1","Moleküler Biyoloji ve Genetik","4","3000"
"2018/02/25 9:46:45 ÖS GMT+1","İktisat","2","4000"
"2018/02/25 9:55:21 ÖS GMT+1","Moleküler Biyoloji ve Genetik","4","2400"
"2018/02/25 10:00:30 ÖS GMT+1","İşletme","4","3000"
"2018/02/25 10:12:03 ÖS GMT+1","Sosyoloji","4","2500"
"2018/02/25 10:14:09 ÖS GMT+1","İngilizce Öğretmenliği","3","4000"
"2018/02/25 10:17:11 ÖS GMT+1","İktisat","2","3500"
"2018/02/25 10:48:13 ÖS GMT+1","Uluslararası Ticaret","4","4000"
"2018/02/25 11:01:19 ÖS GMT+1","Yönetim Bilişim Sistemleri","3","3500"
"2018/02/25 11:05:49 ÖS GMT+1","İktisat","2","8000"
"2018/02/25 11:11:51 ÖS GMT+1","İşletme","4","3500"
"2018/02/25 11:16:58 ÖS GMT+1","Çeviribilim","4","3000"
"2018/02/25 11:29:58 ÖS GMT+1","Turizm İşletmeciliği","Hazırlık","2500"
"2018/02/26 12:02:53 ÖÖ GMT+1","Turizm İşletmeciliği","4","3000"
"2018/02/26 12:32:40 ÖÖ GMT+1","Kimya Mühendisliği","3","4200"
"2018/02/26 12:37:02 ÖÖ GMT+1","Makine Mühendisliği","2","3500"
"2018/02/26 12:45:39 ÖÖ GMT+1","Felsefe","2","3000"
"2018/02/26 12:58:55 ÖÖ GMT+1","İşletme","3","3000"
"2018/02/26 1:16:05 ÖÖ GMT+1","Çeviribilim","4","6500"
"2018/02/26 1:24:00 ÖÖ GMT+1","Makine Mühendisliği","2","4500"
"2018/02/26 1:35:09 ÖÖ GMT+1","Rehberlik ve Psikolojik Danışmanlık","2","3500"
"2018/02/26 1:46:18 ÖÖ GMT+1","Elektrik-Elektronik Mühendisliği","2","4500"
"2018/02/26 1:52:00 ÖÖ GMT+1","Endüstri Mühendisliği","Hazırlık","8000"
"2018/02/26 1:59:30 ÖÖ GMT+1","Fen Bilgisi Öğretmenliği","3","2500"
"2018/02/26 2:59:44 ÖÖ GMT+1","Felsefe","2","3000"
"2018/02/26 4:37:25 ÖÖ GMT+1","Çeviribilim","3","3800"
"2018/02/26 5:02:57 ÖÖ GMT+1","Dilbilim","Hazırlık","3000"
"2018/02/26 5:57:11 ÖÖ GMT+1","İktisat","4","4000"
"2018/02/26 6:41:09 ÖÖ GMT+1","Yönetim Bilişim Sistemleri","3","2222"
"2018/02/26 7:02:46 ÖÖ GMT+1","İşletme","4","4000"
"2018/02/26 7:16:12 ÖÖ GMT+1","Elektrik-Elektronik Mühendisliği","2","4000"
"2018/02/26 7:32:45 ÖÖ GMT+1","Kimya Mühendisliği","1","1603"
"2018/02/26 7:41:17 ÖÖ GMT+1","Çeviribilim","3","4000"
"2018/02/26 7:56:42 ÖÖ GMT+1","Tarih","2","4000"
"2018/02/26 8:07:58 ÖÖ GMT+1","Rehberlik ve Psikolojik Danışmanlık","2","3000"
"2018/02/26 8:16:25 ÖÖ GMT+1","İktisat","3","7000"
"2018/02/26 8:24:27 ÖÖ GMT+1","İnşaat Mühendisliği","3","2150"
"2018/02/26 8:25:41 ÖÖ GMT+1","İnşaat Mühendisliği","4","2600"
"2018/02/26 8:43:42 ÖÖ GMT+1","Rehberlik ve Psikolojik Danışmanlık","2","2000"
"2018/02/26 9:00:02 ÖÖ GMT+1","Matematik","4","3500"
"2018/02/26 9:05:23 ÖÖ GMT+1","İnşaat Mühendisliği","3","2500"
"2018/02/26 9:15:50 ÖÖ GMT+1","Uluslararası Ticaret","4","3800"
"2018/02/26 9:28:16 ÖÖ GMT+1","Siyaset Bilimi ve Uluslararası İlişkiler","4","5500"
"2018/02/26 9:29:09 ÖÖ GMT+1","İşletme","4","4800"
"2018/02/26 9:44:21 ÖÖ GMT+1","Çeviribilim","3","3000"
"2018/02/26 9:49:42 ÖÖ GMT+1","Endüstri Mühendisliği","2","5000"
"2018/02/26 9:50:48 ÖÖ GMT+1","Çeviribilim","4","3000"
"2018/02/26 9:51:21 ÖÖ GMT+1","İnşaat Mühendisliği","4","3500"
"2018/02/26 9:55:23 ÖÖ GMT+1","Matematik","Hazırlık","5000 "
"2018/02/26 10:02:08 ÖÖ GMT+1","Endüstri Mühendisliği","4","6000"
"2018/02/26 10:42:06 ÖÖ GMT+1","Siyaset Bilimi ve Uluslararası İlişkiler","4","4000"
"2018/02/26 11:09:43 ÖÖ GMT+1","Siyaset Bilimi ve Uluslararası İlişkiler","3","2000"
"2018/02/26 11:15:33 ÖÖ GMT+1","Yönetim Bilişim Sistemleri","2","3900"
"2018/02/26 11:16:17 ÖÖ GMT+1","Çeviribilim","2","5000"
"2018/02/26 11:20:10 ÖÖ GMT+1","Elektrik-Elektronik Mühendisliği","2","4000"
"2018/02/26 11:30:29 ÖÖ GMT+1","İngilizce Öğretmenliği","3","3500"
"2018/02/26 11:56:31 ÖÖ GMT+1","İşletme","4","3500"
"2018/02/26 12:08:16 ÖS GMT+1","Siyaset Bilimi ve Uluslararası İlişkiler","1","3000"
"2018/02/26 12:46:17 ÖS GMT+1","Bilgisayar Mühendisliği","2","2000"
"2018/02/26 12:58:58 ÖS GMT+1","İngiliz Dili ve Edebiyatı","4","3000"
"2018/02/26 1:08:13 ÖS GMT+1","Uluslararası Ticaret","1","3000"
"2018/02/26 1:50:06 ÖS GMT+1","Makine Mühendisliği","2","3500"
"2018/02/26 1:54:52 ÖS GMT+1","Bilgisayar Mühendisliği","3","5000"
"2018/02/26 2:03:11 ÖS GMT+1","Tarih","3","3000"
"2018/02/26 2:12:03 ÖS GMT+1","İnşaat Mühendisliği","1","5000"
"2018/02/26 2:45:46 ÖS GMT+1","İşletme","2","2500"
"2018/02/26 3:31:44 ÖS GMT+1","Elektrik-Elektronik Mühendisliği","3","15000"
"2018/02/26 3:32:08 ÖS GMT+1","Elektrik-Elektronik Mühendisliği","3","35000"
"2018/02/26 3:32:59 ÖS GMT+1","Turizm İşletmeciliği","3","35000"
"2018/02/26 3:33:10 ÖS GMT+1","Turizm İşletmeciliği","1","35000"
"2018/02/26 3:33:22 ÖS GMT+1","Turizm İşletmeciliği","2","30000"
"2018/02/26 3:33:32 ÖS GMT+1","Turizm İşletmeciliği","Hazırlık","48000"
"2018/02/26 3:33:47 ÖS GMT+1","Turizm İşletmeciliği","4","20000"
"2018/02/26 3:35:51 ÖS GMT+1","İktisat","3","5000"
"2018/02/26 3:44:15 ÖS GMT+1","Tarih","4","4500"
"2018/02/26 4:23:51 ÖS GMT+1","Bilgisayar ve Öğretim Teknolojileri Öğretmenliği","4","4200"
"2018/02/26 4:25:42 ÖS GMT+1","Kimya Mühendisliği","3","4500"
"2018/02/26 5:17:22 ÖS GMT+1","Fizik","3","4000"
"2018/02/26 5:45:21 ÖS GMT+1","Fizik Öğretmenliği","4","3000"
"2018/02/26 5:57:00 ÖS GMT+1","Türk Dili ve Edebiyatı","2","2000"
"2018/02/26 8:03:32 ÖS GMT+1","İktisat","2","5000"
"2018/02/26 8:13:58 ÖS GMT+1","Okul Öncesi Öğretmenliği","3","3500"
"2018/02/26 8:55:22 ÖS GMT+1","Okul Öncesi Öğretmenliği","4","3000"
"2018/02/27 12:44:19 ÖÖ GMT+1","Siyaset Bilimi ve Uluslararası İlişkiler","1","4500"